Screen Name,User Name,Tweet Created At,Tweet Text,User Location,Retweet Count,Phone Type,Hashtags
SaeedBaygi,b'Saeed Valadbaygi',2019-08-09 23:54:45,"b""Law in the Age of #Artificial #Intelligence | Blue J Legal\xc2\xa0\xc2\xa0JD Supra In the future, self-driving cars may become the norm on roads rather than the subject of promising reports from the tech industry's leading companies. What first ... https://t.co/nMyYmEcWQk #Business #AI #Fraud https://t.co/ApSBV7L4El""","b'Toronto, Ontario'",0,b'Twibble.io', Artificial Intelligence Business AI Fraud
SaeedBaygi,b'Saeed Valadbaygi',2019-08-09 23:54:29,"b""How Can #Artificial #Intelligence (#AI) Power the Next Era of B2B Marketing?\xc2\xa0\xc2\xa0G2 It's time to start considering how AI will help B2B marketing break into the new era. Read on to see exactly what the future loo... https://t.co/N6qWcNbj5b #ArtificialIntelligence #Toronto #Business https://t.co/lceFMURgYO""","b'Toronto, Ontario'",0,b'Twibble.io', Artificial Intelligence AI ArtificialIntelligence Toronto Business
eagle_drones_us,b'Eagle Drones',2019-08-09 21:09:01,b'The age of artificial intelligence arrives in data centers https://t.co/XMZXY9fnO9\n\n#electronics #DataCenter #engineering #ai #robotics #iot #industrialdesign #architectures #tech #bigdata #technology #robot #eagledrones #eagle_drones_us @eagle_drones_us https://t.co/YyQRszNaBm',"b'100 Illinois Street, Suite 200'",0,b'Buffer', electronics DataCenter engineering ai robotics iot industrialdesign architectures tech bigdata technology robot eagledrones eagle_drones_us
TonyU09876,b'Tony',2019-08-09 20:28:42,"b'RT @EDNcom: #OnThisDay in #TechHistory, mathematician and co-founder of the field of artificial intelligence Marvin #Minsky was born #EDNMo\xe2\x80\xa6'",b'Ailleurs',2,b'Twitter for Android', OnThisDay TechHistory Minsky
EDNcom,b'EDN.com',2019-08-09 20:28:01,"b'#OnThisDay in #TechHistory, mathematician and co-founder of the field of artificial intelligence Marvin #Minsky was born #EDNMoments #AI #robotics  https://t.co/cR4nM6lJbu https://t.co/ZLcUqYfofI'",b'',2,b'Buffer', OnThisDay TechHistory Minsky EDNMoments AI robotics
SaeedBaygi,b'Saeed Valadbaygi',2019-08-09 20:24:49,"b'#Artificial #Intelligence is the Key to Revolutionize the Procurement Process | Read SpendEdge\xe2\x80\x99s Latest Blog to Understand the Impact of #AI in Procurement\xc2\xa0\xc2\xa0Yahoo Finance SpendEdge, a leading provider of procurement market intel... https://t.co/bZKC1BsBnv #ArtificialIntelligence'","b'Toronto, Ontario'",0,b'Twibble.io', Artificial Intelligence AI ArtificialIntelligence
SaeedBaygi,b'Saeed Valadbaygi',2019-08-09 18:54:43,b'NHS To Create National #Artificial #Intelligence Lab Following \xc2\xa3250 Million Investment Boost\xc2\xa0\xc2\xa0Forbes NHS England will set up a national artificial intelligence lab to help improve the health and lives of patients as part of a \xc2\xa3250 ... https://t.co/1u86gMgrUn #Business #Fraud #AI https://t.co/4g7DitjqD7',"b'Toronto, Ontario'",0,b'Twibble.io', Artificial Intelligence Business Fraud AI
SaeedBaygi,b'Saeed Valadbaygi',2019-08-09 18:54:24,"b""Malta's #Artificial #Intelligence guiding principles up for consultation\xc2\xa0\xc2\xa0Times of Malta Lawyers, programmers, ethicists and other stakeholders have one month to tell the government what they make of an Artificial ... https://t.co/Uf95FWmzvh #Business #AI #ArtificialIntelligence https://t.co/XEoe2PTeKn""","b'Toronto, Ontario'",0,b'Twibble.io', Artificial Intelligence Business AI ArtificialIntelligence
jeanrossignol,b'jean rossignol \xf0\x9f\x8c\x88',2019-08-09 18:26:17,b'Artificial Intelligence / Robotics / Biotic\n\nThe first phase of the development of New Technologies: #AI #Robotics #Biotics\n\nWill be to get rid of repetitive mechanical spots to finally be able to devote ourselves to creative tasks\n\nIt is crucial\n\n#DL #5G https://t.co/tOGjkJYWOn https://t.co/oOcefKSqHn',"b'Marseille, France'",1,b'Twitter Web App', AI Robotics Biotics DL 5G
SaeedBaygi,b'Saeed Valadbaygi',2019-08-09 18:24:38,"b'Could #artificial #intelligence prevent sepsis in hospital patients? Sentara thinks so.\xc2\xa0\xc2\xa0Medical Xpress During your stay in a hospital, computer systems are collecting and analyzing all sorts of data about you. https://t.co/V0bzZwDQnL #AI #ArtificialIntelligence #Fraud https://t.co/QpJbHdhKK5'","b'Toronto, Ontario'",0,b'Twibble.io', artificial intelligence AI ArtificialIntelligence Fraud
stud3n7ov7if3,b'Stud3n7ov7if3',2019-08-09 18:04:28,"b""It's all tied up! Let's get some more votes in so we can really see where everyone stands on the dangers of #Artificial #Intelligence #WritingCommunity #AI #Augmentedintelligence #vs #ArtificialIntelligence https://t.co/DlxeVgGzKm""","b'Columbus, OH'",1,b'Twitter for Android', Artificial Intelligence WritingCommunity AI Augmentedintelligence vs ArtificialIntelligence
PesceAssociates,b'Pesce & Associates',2019-08-09 18:00:34,"b'As robots become commonplace, helping new and existing employees adjust to the working arrangements and understand how their role might evolve will be essential for success. https://t.co/JcuGGfmpNR #hr #humanresources #automation #cobotics #robotics https://t.co/yTJeURn3v9'","b'Toronto, Ontario'",0,b'Hootsuite Inc.', hr humanresources automation cobotics robotics
SaeedBaygi,b'Saeed Valadbaygi',2019-08-09 16:54:36,"b""#Artificial #intelligence: good for cars, better for smart cities\xc2\xa0\xc2\xa0Automotive World Artificial intelligence (AI) has become one of the industry's favoured buzzwords to promote the new technologies that are set to filter into cars. Autonomous... https://t.co/rnNdRilkBB #Fraud #AI""","b'Toronto, Ontario'",0,b'Twibble.io', Artificial intelligence Fraud AI
SaeedBaygi,b'Saeed Valadbaygi',2019-08-09 16:54:17,"b'Launch of public consultation on #artificial intelligence\xc2\xa0\xc2\xa0Malta Independent Online The Malta.#AI Taskforce, which has been commissioned by the Maltese Government to draft Malta AI National Strategy, is launchin... https://t.co/LhGYxiokQp #Business #Fraud #ArtificialIntelligence https://t.co/hC08TQqw6G'","b'Toronto, Ontario'",0,b'Twibble.io', artificial AI Business Fraud ArtificialIntelligence
SaeedBaygi,b'Saeed Valadbaygi',2019-08-09 16:24:16,"b""Young \xe2\x80\x9cOmnipreneur\xe2\x80\x9d Offers #Artificial #Intelligence Software to His Forex Trading Students\xc2\xa0\xc2\xa0Thrive Global You've heard of entrepreneurs before, right? Entrepreneurs are people who take huge financial risks in order... https://t.co/CBpWlFDqMh #Toronto #AI #ArtificialIntelligence https://t.co/87Y4AKagqV""","b'Toronto, Ontario'",0,b'Twibble.io', Artificial Intelligence Toronto AI ArtificialIntelligence
CeoAwareness,b'CEO Tech Awareness',2019-08-09 16:01:31,b'RT @WiproDigital: The benefits and risks of #AI. https://t.co/7YaBUT2XmG via @FLIxrisk ht @MikeQuindazzi;  #MachineLearning #DeepLearning #\xe2\x80\xa6',b'',47,b'Twitter Web App', AI MachineLearning DeepLearning
SaeedBaygi,b'Saeed Valadbaygi',2019-08-09 15:24:07,"b'#Artificial #intelligence scores another victory in diagnosing breast cancer\xc2\xa0\xc2\xa0GeekWire Human doctors once again fell short of artificial intelligence in a test to accurately diagnose breast cancer, adding yet more evidence that AI-... https://t.co/g8CDIUNNzv #Business #AI #Fraud https://t.co/AT67JwB09g'","b'Toronto, Ontario'",0,b'Twibble.io', Artificial intelligence Business AI Fraud
smartecocity,b'SmartEcoCity',2019-08-09 14:57:43,"b""RT @SaeedBaygi: NHS to establish an #artificial #intelligence lab\xc2\xa0\xc2\xa0SmartCitiesWorld UK's Department of Health and Social Care says the lab\xe2\x80\xa6""",b'Beijing |Taipei |Dubai |Geneva',1,b'Twitterbot SEC', artificial intelligence
SaeedBaygi,b'Saeed Valadbaygi',2019-08-09 14:55:02,"b""The age of #artificial #intelligence arrives in data centers\xc2\xa0\xc2\xa0DatacenterDynamics Artificial intelligence's potential in the data center is nearly limitless, and we've only been able to focus on a few areas where it ... https://t.co/LePM7KiTKu #Toronto #AI #ArtificialIntelligence https://t.co/zJ9knqPxEF""","b'Toronto, Ontario'",0,b'Twibble.io', artificial intelligence Toronto AI ArtificialIntelligence
SaeedBaygi,b'Saeed Valadbaygi',2019-08-09 14:54:42,"b""NHS to establish an #artificial #intelligence lab\xc2\xa0\xc2\xa0SmartCitiesWorld UK's Department of Health and Social Care says the lab will bring together academics, specialists and technology companies to work on the biggest challenges ... https://t.co/ds7op4FQgV #Fraud #AI #Business https://t.co/s4uVF52PQX""","b'Toronto, Ontario'",1,b'Twibble.io', artificial intelligence Fraud AI Business
SaeedBaygi,b'Saeed Valadbaygi',2019-08-09 14:24:33,"b""#Artificial #Intelligence is the Key to Revolutionize the Procurement Process | Read SpendEdge's Latest Blog to Understand the Impact of #AI in Procurement\xc2\xa0\xc2\xa0Business Wire LONDON--(BUSINESS WIRE)--SpendEdge, a ... https://t.co/m6KW0OU9a4 #ArtificialIntelligence #Toronto #Business https://t.co/wFdjPHdjzP""","b'Toronto, Ontario'",0,b'Twibble.io', Artificial Intelligence AI ArtificialIntelligence Toronto Business
SaeedBaygi,b'Saeed Valadbaygi',2019-08-09 13:24:26,"b'MIT Automates #Artificial #Intelligence for Medical Decision-Making\xc2\xa0\xc2\xa0SciTechDaily MIT computer scientists are hoping to accelerate the use of artificial intelligence to improve medical decision-making, by automatin... https://t.co/HPXLuOgMLo #AI #ArtificialIntelligence #Business https://t.co/zCuNEgD1A5'","b'Toronto, Ontario'",0,b'Twibble.io', Artificial Intelligence AI ArtificialIntelligence Business
SaeedBaygi,b'Saeed Valadbaygi',2019-08-09 13:24:07,"b'#Artificial #intelligence is changing the teaching-learning process in education!\xc2\xa0\xc2\xa0India Today From letting teachers concentrate on building the minds of students instead of checking copies, to tailoring the learning process for ... https://t.co/Ik6d1ZNZpV #AI #Toronto #Business https://t.co/tSP8yRuKUA'","b'Toronto, Ontario'",0,b'Twibble.io', Artificial intelligence AI Toronto Business
SaeedBaygi,b'Saeed Valadbaygi',2019-08-09 11:54:34,b'How Fintechs Can Leverage #Artificial Intelligence\xc2\xa0\xc2\xa0Forbes Address customer sentiment and risk to realize the full potential of AI. https://t.co/7kM5r8e56Y #Toronto #Fraud #AI https://t.co/tZSienYH0A',"b'Toronto, Ontario'",0,b'Twibble.io', Artificial Toronto Fraud AI
SaeedBaygi,b'Saeed Valadbaygi',2019-08-09 10:24:38,b'How #artificial #intelligence is being used at the Brain Tumour Research Centres of Excellence\xc2\xa0\xc2\xa0Brain Tumour Research NHS England is investing \xc2\xa3250m to boost the role of Artificial Intelligence (AI) within the health *service*. Health Secr... https://t.co/IED3AS5yqz #AI #Toronto',"b'Toronto, Ontario'",0,b'Twibble.io', artificial intelligence AI Toronto
SaeedBaygi,b'Saeed Valadbaygi',2019-08-09 09:54:17,b'#Artificial #Intelligence in military operations: Where does India stand?\xc2\xa0\xc2\xa0https://t.co/OLnWBLR7xD Policymakers must have a sound understanding of the objectives that #AI seeks to achieve in the strategic contex... https://t.co/zTAh4jVBMl #ArtificialIntelligence #Business #Fraud https://t.co/oPhs0or3WL',"b'Toronto, Ontario'",0,b'Twibble.io', Artificial Intelligence AI ArtificialIntelligence Business Fraud
Haroonshaukat7,b'Haroon shaukat',2019-08-09 09:39:26,"b'RT @AdditionRecruit: #OnThisDay in 1927, computer pioneer Marvin Minsky born. Minsky has made many major contributions to computer science\xe2\x80\xa6'","b'Lahore, Pakistan'",4,b'Twitter for Android', OnThisDay
AdditionRecruit,b'Addition Solutions',2019-08-09 09:30:06,"b'#OnThisDay in 1927, computer pioneer Marvin Minsky born. Minsky has made many major contributions to computer science in the areas of Artificial Intelligence (AI), cognitive psychology, mathematics, computational linguistics, robotics, and optics.\n\n#Tech #Computer #AI #Robotics https://t.co/uXGwTRDO9O'",b'Europe',4,b'Hootsuite Inc.', OnThisDay Tech Computer AI Robotics
SaeedBaygi,b'Saeed Valadbaygi',2019-08-09 09:24:37,"b""Health Secretary announces \xc2\xa3250 million investment in #Artificial Intelligence\xc2\xa0\xc2\xa0Intelligent CIO ME The #AI Lab will bring together the industry's best academics, specialists and technology companies to work on some of the biggest c... https://t.co/Ps3xYkUbGg #Fraud #Intelligence""","b'Toronto, Ontario'",0,b'Twibble.io', Artificial AI Fraud Intelligence
GianlucaSgueo,b'Gianluca Sgueo',2019-08-09 09:00:50,"b""How much would a 'non-Europe' framework would cost in #robotics and artificial intelligence? @EP_ThinkTank has the numbers https://t.co/R8KEIgZ2Rr #AI""","b'Rome, Italy'",0,b'Hootsuite Inc.', robotics AI
julianaseu,b'Julianna Ribera',2019-08-09 08:46:39,b'RT @nordicinst: NHS to accelerate roll-out of artificial intelligence. #bigdata #ArtificialIntelligence #robotics https://t.co/44aGNX7wRA',b'Catalunya',4,b'Twitter for Android', bigdata ArtificialIntelligence robotics
GeoSpock,b'GeoSpock',2019-08-09 07:45:03,b'We are entering the 4th industrial revolution powered by a fusion of technologies including #AI and #robotics and the impact of this revolution will be more profound as time goes on - great article via @Telegraph https://t.co/nPysx1go6G https://t.co/G2IOBTYUU6',"b'Cambridge, England'",0,b'Hootsuite Inc.', AI robotics
AIVids,b'Artificial Intelligence',2019-08-09 07:20:20,b'\xf0\x9f\x87\xba\xf0\x9f\x87\xb8 #Lecturer/Senior Lecturer in Interactive Artificial Intelligence job with UNIVERSITY OF BRISTOL | 174819 - Times Higher Education (THE) https://t.co/E6pHOgqHfi \xe2\xac\x87\xef\xb8\x8f #Robotics \xe2\xac\x87\xef\xb8\x8f #Data \xe2\xac\x87\xef\xb8\x8f #DataScience \xe2\xac\x87\xef\xb8\x8f #BigData \xe2\xac\x87\xef\xb8\x8f #Technology \xe2\xac\x87\xef\xb8\x8f #ArtificialIntelligence \xe2\xac\x87\xef\xb8\x8f #AI \xe2\xac\x87\xef\xb8\x8f #Automati\xe2\x80\xa6',b'',0,b'IFTTT', Lecturer Robotics Data DataScience BigData Technology ArtificialIntelligence AI Automati
MasterMartech,b'Martech Master',2019-08-09 07:09:27,b'RT @WiproDigital: The benefits and risks of #AI. https://t.co/7YaBUT2XmG via @FLIxrisk ht @MikeQuindazzi;  #MachineLearning #DeepLearning #\xe2\x80\xa6',b'',47,b'Twitter Web App', AI MachineLearning DeepLearning
rvp,b'Ravi Visvesvaraya Sharada Prasad',2019-08-09 07:07:48,"b'#LI RT machine_ml https://t.co/ZtnJOwLD6z RT nordicinst: Wily\xe2\x80\x8b, brand new artificial intelligence guiding you through the world of cryptocurrencies.. #datascience #MachineLearning #robotics https://t.co/E9RMhh0HMw #rvp #7GTech #ArtificialIntelligence #AI #ML #MachineLearning'","b'New Delhi, India'",0,b'IFTTT', LI datascience MachineLearning robotics rvp 7GTech ArtificialIntelligence AI ML MachineLearning
TheCuriousLuke,b'Curious Luke',2019-08-09 07:06:04,b'RT @AIVids: \xf0\x9f\x87\xba\xf0\x9f\x87\xb8 #Artificial Intelligence in Cardiology: A Futuristic View of A.I. in Cardiology - https://t.co/IBy9RtH8Zp https://t.co/Hghir\xe2\x80\xa6',b'Switzerland',1,b'RTML', Artificial
AIVids,b'Artificial Intelligence',2019-08-09 07:05:49,b'\xf0\x9f\x87\xba\xf0\x9f\x87\xb8 #Just 50% of Hospital Leaders Familiar with Artificial Intelligence - Xtelligent Healthcare Media https://t.co/OncsvYZuSk \xe2\xac\x87\xef\xb8\x8f #Robotics \xe2\xac\x87\xef\xb8\x8f #Data \xe2\xac\x87\xef\xb8\x8f #DataScience \xe2\xac\x87\xef\xb8\x8f #BigData \xe2\xac\x87\xef\xb8\x8f #Technology \xe2\xac\x87\xef\xb8\x8f #ArtificialIntelligence \xe2\xac\x87\xef\xb8\x8f #AI \xe2\xac\x87\xef\xb8\x8f #Automation \xe2\xac\x87\xef\xb8\x8f #MachineLearning \xe2\xac\x87\xef\xb8\x8f #ML \xe2\xac\x87\xef\xb8\x8f #Internet\xe2\x80\xa6',b'',0,b'IFTTT', Just Robotics Data DataScience BigData Technology ArtificialIntelligence AI Automation MachineLearning ML Internet
AIVids,b'Artificial Intelligence',2019-08-09 07:05:47,b'\xf0\x9f\x87\xba\xf0\x9f\x87\xb8 #Artificial Intelligence in Cardiology: A Futuristic View of A.I. in Cardiology - https://t.co/IBy9RtH8Zp https://t.co/HghirG5giB \xe2\xac\x87\xef\xb8\x8f #Robotics \xe2\xac\x87\xef\xb8\x8f #Data \xe2\xac\x87\xef\xb8\x8f #DataScience \xe2\xac\x87\xef\xb8\x8f #BigData \xe2\xac\x87\xef\xb8\x8f #Technology \xe2\xac\x87\xef\xb8\x8f #ArtificialIntelligence \xe2\xac\x87\xef\xb8\x8f #AI \xe2\xac\x87\xef\xb8\x8f #Automation \xe2\xac\x87\xef\xb8\x8f #MachineLearning \xe2\xac\x87\xef\xb8\x8f #ML \xe2\xac\x87\xef\xb8\x8f \xe2\x80\xa6',b'',1,b'IFTTT', Artificial Robotics Data DataScience BigData Technology ArtificialIntelligence AI Automation MachineLearning ML
SaeedBaygi,b'Saeed Valadbaygi',2019-08-09 05:54:14,"b'Largest Revenue Segment of #Artificial #Intelligence Software Platforms Market Global Players Google, Baidu, IBM, Microsoft, SAP, Intel, Salesforce\xc2\xa0\xc2\xa0Technology News IT Technology News24 provides latest industry trending news... https://t.co/slGSuPJtrX #ArtificialIntelligence #AI'","b'Toronto, Ontario'",0,b'Twibble.io', Artificial Intelligence ArtificialIntelligence AI
ssn4value,b'SSN 4 Value',2019-08-09 05:25:01,"b'Based on the #business #valuation and #due #diligence, #Replicant, the San Francisco, CA, provider of #AI #artificial intelligence-enabled #voice #technologies, raised $7 million in #seed funding, from #Atomic, #Bloomberg Beta, #Costanoa Ventures, and #Norwest Venture Partners https://t.co/jZRbK8Rh0j'",b'United States',0,b'Sprout Social', business valuation due diligence Replicant AI artificial voice technologies seed Atomic Bloomberg Costanoa Norwest
SaeedBaygi,b'Saeed Valadbaygi',2019-08-09 04:24:56,"b""B3LAB: Data and #artificial #intelligence center of Turkey\xc2\xa0\xc2\xa0Daily Sabah B3LAB, the Cloud Computing and Big Data Research Laboratory, is playing a key role in the formation of Turkey's artificial intelligence strateg... https://t.co/U9xM9ESuvl #AI #Toronto #ArtificialIntelligence https://t.co/IjQdSIQkYs""","b'Toronto, Ontario'",0,b'Twibble.io', artificial intelligence AI Toronto ArtificialIntelligence
SaeedBaygi,b'Saeed Valadbaygi',2019-08-09 04:24:16,"b'Lecturer/Senior Lecturer in Interactive #Artificial #Intelligence job with UNIVERSITY OF BRISTOL | 174819\xc2\xa0\xc2\xa0Times Higher Education (THE) Division/School School of Computer Science, Electrical and Electronic Engineering and Engineering Math... https://t.co/gU6eSdw7la #Business #AI'","b'Toronto, Ontario'",0,b'Twibble.io', Artificial Intelligence Business AI
SaeedBaygi,b'Saeed Valadbaygi',2019-08-09 03:54:15,"b'VNCCII\'s ""Astro Life"" is what Happens when Humanity and #Artificial #Intelligence Collide\xc2\xa0\xc2\xa0https://t.co/m2VJBCkuBu VNCCII explores a utopian soundscape through the eyes of her 3D robot avatar in new record and music video for ""Astr... https://t.co/P056Noe88T #AI #Business #Fraud https://t.co/SZW3IotLsC'","b'Toronto, Ontario'",0,b'Twibble.io', Artificial Intelligence AI Business Fraud
OscarCumbicus,b'Oscar Cumbicus',2019-08-09 03:31:12,"b'RT @nordicinst: Wily\xe2\x80\x8b, brand new artificial intelligence guiding you through the world of cryptocurrencies.. #datascience #MachineLearning\xe2\x80\xa6'",b'Loja-Ecuador',5,b'Twitter for iPhone', datascience MachineLearning
machine_ml,b'Machine Learning',2019-08-09 03:16:55,"b'RT @nordicinst: Wily\xe2\x80\x8b, brand new artificial intelligence guiding you through the world of cryptocurrencies.. #datascience #MachineLearning\xe2\x80\xa6'",b'',5,b'ML_BD_bot', datascience MachineLearning
msarozz,b'Saroj Humagain',2019-08-09 03:16:28,"b'RT @nordicinst: Wily\xe2\x80\x8b, brand new artificial intelligence guiding you through the world of cryptocurrencies.. #datascience #MachineLearning\xe2\x80\xa6'",b'Nepal',5,"b'Twitter bot, saroj humagain'", datascience MachineLearning
BrainRoaring,b'Roaring Brain',2019-08-09 03:14:58,"b'RT @nordicinst: Wily\xe2\x80\x8b, brand new artificial intelligence guiding you through the world of cryptocurrencies.. #datascience #MachineLearning\xe2\x80\xa6'",b'',5,b'App roaring brain', datascience MachineLearning
SeetaLabs,b'SeetaLabs',2019-08-09 03:13:57,"b'RT @nordicinst: Wily\xe2\x80\x8b, brand new artificial intelligence guiding you through the world of cryptocurrencies.. #datascience #MachineLearning\xe2\x80\xa6'",b'',5,b'Tweet1425526', datascience MachineLearning
nordicinst,b'Nordic AI Artificial Intelligence Institute',2019-08-09 03:13:08,"b'Wily\xe2\x80\x8b, brand new artificial intelligence guiding you through the world of cryptocurrencies.. #datascience #MachineLearning #robotics https://t.co/qxrjoEyVMI'",b'Global',5,b'IFTTT', datascience MachineLearning robotics
mimeasia,b'Mime Asia',2019-08-09 03:01:26,"b'Everyone already familiar with artificial intelligence or AI, but most of the still questioning how is the\xc2\xa0Artificial intelligence background\xc2\xa0goes?\n\nhttps://t.co/j5eGJ9Fnuq\n\n#ArtificialIntelligence\n#artificial\n#Intelligence \n#tools \n#tech \n#technology \n#bussiness \n#mime https://t.co/bFX6II6Eds'",b'Jakarta Capital Region',0,b'Twitter Web App', ArtificialIntelligence artificial Intelligence tools tech technology bussiness mime
SaeedBaygi,b'Saeed Valadbaygi',2019-08-09 02:54:10,b'Amazing #AI Automatically Turns You Into an Anime Character\xc2\xa0\xc2\xa0Futurism It was only a matter of time until somebody created an #artificial #intelligence designed to transmute you into an anime character. And now a... https://t.co/116XIQ2Smw #Business #Fraud #ArtificialIntelligence https://t.co/samP0TbwVX',"b'Toronto, Ontario'",0,b'Twibble.io', AI artificial intelligence Business Fraud ArtificialIntelligence
JohnLukoda,b'Lukoda John Bosco',2019-08-09 02:22:26,b'RT @WiproDigital: The benefits and risks of #AI. https://t.co/7YaBUT2XmG via @FLIxrisk ht @MikeQuindazzi;  #MachineLearning #DeepLearning #\xe2\x80\xa6',"b'Bengaluru, India'",47,b'Twitter for Android', AI MachineLearning DeepLearning
NewTechTwin,b'Emerging Tech Channel',2019-08-09 02:15:28,b'RT @WiproDigital: The benefits and risks of #AI. https://t.co/7YaBUT2XmG via @FLIxrisk ht @MikeQuindazzi;  #MachineLearning #DeepLearning #\xe2\x80\xa6',b'United States',47,b'Twitter Web App', AI MachineLearning DeepLearning
rnalytics,b'R\xe2\x80\x99nalytics',2019-08-09 01:15:43,b'RT @WiproDigital: The benefits and risks of #AI. https://t.co/7YaBUT2XmG via @FLIxrisk ht @MikeQuindazzi;  #MachineLearning #DeepLearning #\xe2\x80\xa6',"b'Riverside, CA'",47,b'Sharing_Fashion', AI MachineLearning DeepLearning
misssophiebot,b'Sophie',2019-08-09 00:38:27,b'RT @mrpeterivan: Unlocking the Potential of Electronic Health Records with Artificial Intelligence  \n#AI #ML #ArtificialIntelligence #Algor\xe2\x80\xa6',b'Nairobi',4,b'Bot Libre!', AI ML ArtificialIntelligence
DigiTransTop,b'Top Digital Transformation',2019-08-09 00:21:27,b'RT @WiproDigital: The benefits and risks of #AI. https://t.co/7YaBUT2XmG via @FLIxrisk ht @MikeQuindazzi;  #MachineLearning #DeepLearning #\xe2\x80\xa6',b'Spain',47,b'Twitter Web App', AI MachineLearning DeepLearning
iot_base,b'#IOT Base',2019-08-09 00:03:12,b'RT @WiproDigital: The benefits and risks of #AI. https://t.co/7YaBUT2XmG via @FLIxrisk ht @MikeQuindazzi;  #MachineLearning #DeepLearning #\xe2\x80\xa6',"b'Washington, DC'",47,b'iot_base_Schnittstelle', AI MachineLearning DeepLearning
SaeedBaygi,b'Saeed Valadbaygi',2019-08-08 23:54:32,b'8 Steps CIOs Must Take to Transform with #Artificial Intelligence\xc2\xa0\xc2\xa0Campus Technology Companies across the globe are embracing artificial #intelligence (AI) within their organizations - 51% of firms have already implem... https://t.co/CFL8Sbfxaj #ArtificialIntelligence #AI #Fraud https://t.co/25AXQUqHuk',"b'Toronto, Ontario'",0,b'Twibble.io', Artificial intelligence ArtificialIntelligence AI Fraud
KnXChg,b'Knowledge Exchange',2019-08-08 23:24:59,b'RT @SaeedBaygi: DataTracks Plans Next Version of Rainbow Software Featuring #Artificial #Intelligence and Machine Learning\xc2\xa0\xc2\xa0Business Wire D\xe2\x80\xa6',"b'Detroit, MI'",1,b'KXChg', Artificial Intelligence
Emerson4br,b'Emerson4br \xf0\x9f\x9a\xa9\xf0\x9f\x8c\x90\xf0\x9f\x9a\xa9',2019-08-08 23:20:38,b'RT @ingliguori: Successful use of new technologies and #digital services can bring companies a considerable distance forward in a short tim\xe2\x80\xa6',b'Br\xc3\xa9zeul',22,b'Twitter for Android', digital
AkwyZ,b'Antonio Vieira Santos #\xef\xb8\x8f\xe2\x83\xa3#YourExpert\xf0\x9f\xa6\x89',2019-08-08 23:16:24,b'RT @ingliguori: Successful use of new technologies and #digital services can bring companies a considerable distance forward in a short tim\xe2\x80\xa6',"b'Cork, London, Lisbon, Munich'",22,b'Twitter for Android', digital
DME_Jun,b'DME Intelligence',2019-08-08 22:10:07,b'RT @mrpeterivan: Unlocking the Potential of Electronic Health Records with Artificial Intelligence  \n#AI #ML #ArtificialIntelligence #Algor\xe2\x80\xa6',"b'Boston, MA'",4,b'DME Intelligence_Jun', AI ML ArtificialIntelligence
VR_ARTech,b'VR & AR Technology',2019-08-08 22:05:27,b'RT @WiproDigital: The benefits and risks of #AI. https://t.co/7YaBUT2XmG via @FLIxrisk ht @MikeQuindazzi;  #MachineLearning #DeepLearning #\xe2\x80\xa6',b'Global',47,b'Twitter Web App', AI MachineLearning DeepLearning
mrpeterivan,b'peter',2019-08-08 21:56:09,b'Unlocking the Potential of Electronic Health Records with Artificial Intelligence  \n#AI #ML #ArtificialIntelligence #Algorithm #Technology #Digitalhealth #EHR #Health #Healthcare #HealthTech #Medicine #MedicalTech #Robotics #Automation #Science #Bigdata \nhttps://t.co/dFND18Uhe4',b'',4,b'Twitter Web App', AI ML ArtificialIntelligence Algorithm Technology Digitalhealth EHR Health Healthcare HealthTech Medicine MedicalTech Robotics Automation Science Bigdata
AYCLearnDigital,b'All You Can Learn Digital',2019-08-08 21:55:44,b'RT @WiproDigital: The benefits and risks of #AI. https://t.co/7YaBUT2XmG via @FLIxrisk ht @MikeQuindazzi;  #MachineLearning #DeepLearning #\xe2\x80\xa6',b'Internet',47,b'Twitter Web App', AI MachineLearning DeepLearning
DME_Jun,b'DME Intelligence',2019-08-08 21:55:25,"b'RT @mrpeterivan: Amid a healthcare staff crisis, artificial intelligence could be our radiologists of the future \n#AI #ML #ArtificialIntell\xe2\x80\xa6'","b'Boston, MA'",2,b'DME Intelligence_Jun', AI ML
DME_Health,b'DME Health',2019-08-08 21:55:04,"b'RT @mrpeterivan: Amid a healthcare staff crisis, artificial intelligence could be our radiologists of the future \n#AI #ML #ArtificialIntell\xe2\x80\xa6'",b'',2,b'DME Intelligence Jul', AI ML
mrpeterivan,b'peter',2019-08-08 21:54:07,"b'Amid a healthcare staff crisis, artificial intelligence could be our radiologists of the future \n#AI #ML #ArtificialIntelligence #Algorithm #Technology #Digitalhealth #Health #Healthcare #HealthTech #Medicine #MedicalTech #Robotics #Automation #Science \nhttps://t.co/3YbNR1QODY'",b'',2,b'Twitter Web App', AI ML ArtificialIntelligence Algorithm Technology Digitalhealth Health Healthcare HealthTech Medicine MedicalTech Robotics Automation Science
eprado_melo,b'eduardo prado',2019-08-08 20:58:41,b'RT @nordicinst: NHS to accelerate roll-out of artificial intelligence. #bigdata #ArtificialIntelligence #robotics https://t.co/44aGNX7wRA',b'S\xc3\xa3o Paulo',4,b'Twitter Web App', bigdata ArtificialIntelligence robotics
TonyaACooper,b'The Innovation Train',2019-08-08 20:52:11,b'RT @WiproDigital: The benefits and risks of #AI. https://t.co/7YaBUT2XmG via @FLIxrisk ht @MikeQuindazzi;  #MachineLearning #DeepLearning #\xe2\x80\xa6',b'United States',47,b'Twitter Web App', AI MachineLearning DeepLearning
SaeedBaygi,b'Saeed Valadbaygi',2019-08-08 20:24:43,"b""UCHealth's virtual assistant \xe2\x80\x9cLivi\xe2\x80\x9d powered by conversational #artificial #intelligence (#AI) now available on smart speaker devices\xc2\xa0\xc2\xa0GlobeNewswire New conversational AI technology is one of the most comprehensive offered by a U.S. health syst... https://t.co/DGb3kRTcqx #Toronto""","b'Toronto, Ontario'",0,b'Twibble.io', artificial intelligence AI Toronto
SaeedBaygi,b'Saeed Valadbaygi',2019-08-08 20:24:27,"b""Wily\xe2\x80\x8b, brand new #artificial #intelligence guiding you through the world of cryptocurrencies.\xc2\xa0\xc2\xa0TheCryptoUpdates Are you interested in cryptocurrencies but don't know where to start? HASHFOX has found the solution wi... https://t.co/Hd2zkGHw1Z #Toronto #ArtificialIntelligence #AI https://t.co/jLPgPp6YSD""","b'Toronto, Ontario'",0,b'Twibble.io', artificial intelligence Toronto ArtificialIntelligence AI
ScottGuliford,b'Passion 4 Tech',2019-08-08 20:03:29,b'RT @WiproDigital: The benefits and risks of #AI. https://t.co/7YaBUT2XmG via @FLIxrisk ht @MikeQuindazzi;  #MachineLearning #DeepLearning #\xe2\x80\xa6',b'',47,b'Twitter Web App', AI MachineLearning DeepLearning
TheDigitalEcos,b'The Digital Ecosystem',2019-08-08 19:53:28,b'RT @WiproDigital: The benefits and risks of #AI. https://t.co/7YaBUT2XmG via @FLIxrisk ht @MikeQuindazzi;  #MachineLearning #DeepLearning #\xe2\x80\xa6',b'United Kingdom',47,b'Twitter Web App', AI MachineLearning DeepLearning
DuUfficiale,b'Mohamed Sallam\xe2\x9a\x93',2019-08-08 19:44:00,b'RT @ecoMagNews: #Robots could help scientists shed new light on the variety of species living on the ocean floor - new research led by the\xe2\x80\xa6',b'Guss \xd9\x81\xd9\x8a\xd9\x86',2,b'Twitter for Android', Robots
Rons_ROV_Links,"b""Ron's ROV Links""",2019-08-08 19:34:50,b'RT @ecoMagNews: #Robots could help scientists shed new light on the variety of species living on the ocean floor - new research led by the\xe2\x80\xa6',b'',2,b'Twitter Web App', Robots
SaeedBaygi,b'Saeed Valadbaygi',2019-08-08 19:25:06,b'Fermilab scientist Nhan Tran receives prestigious DOE award to expand particle collider research capabilities using #artificial intelligence\xc2\xa0\xc2\xa0Fermi National Accelerator Laboratory The field of particle physics ... https://t.co/Csrl4VnP0y #AI #ArtificialIntelligence #Intelligence https://t.co/x87ozjig1t',"b'Toronto, Ontario'",0,b'Twibble.io', artificial AI ArtificialIntelligence Intelligence
ecoMagNews,b'ECO Magazine',2019-08-08 18:51:00,b'#Robots could help scientists shed new light on the variety of species living on the ocean floor - new research led by the @PlymUni \n\n#science #robotics #AI #research \nhttps://t.co/TrkTCiF7Q0',b'Global',2,b'Buffer', Robots science robotics AI research
SaeedBaygi,b'Saeed Valadbaygi',2019-08-08 18:24:46,"b'Spending Pledge for #Artificial #Intelligence Lab in NHS\xc2\xa0\xc2\xa0Medscape A \xc2\xa3250 million spending commitment to boost artificial intelligence (AI) in the NHS was announced by the Government. Matt Hancock, the Secretary of... https://t.co/w2luw39StA #ArtificialIntelligence #AI #Business https://t.co/G6oyvhBP6h'","b'Toronto, Ontario'",0,b'Twibble.io', Artificial Intelligence ArtificialIntelligence AI Business
JonClifton10,b'Jon Clifton',2019-08-08 17:45:40,b'RT @ingliguori: Successful use of new technologies and #digital services can bring companies a considerable distance forward in a short tim\xe2\x80\xa6',b'',22,b'Twitter for Android', digital
StrategyNDigita,b'Strategy & Digital',2019-08-08 17:08:29,b'RT @WiproDigital: The benefits and risks of #AI. https://t.co/7YaBUT2XmG via @FLIxrisk ht @MikeQuindazzi;  #MachineLearning #DeepLearning #\xe2\x80\xa6',"b'Texas, USA'",47,b'Twitter Web App', AI MachineLearning DeepLearning
ABetterInnovat1,b'A Better Innovation',2019-08-08 16:34:30,b'RT @WiproDigital: The benefits and risks of #AI. https://t.co/7YaBUT2XmG via @FLIxrisk ht @MikeQuindazzi;  #MachineLearning #DeepLearning #\xe2\x80\xa6',"b'Tukwila, WA'",47,b'Twitter Web App', AI MachineLearning DeepLearning
cybersec4u,b'Cyber Security',2019-08-08 16:31:16,"b""RT @LoomiAssistant: What's the perception of the jobs at most risk from #ArtificailIntelligence &amp; #Robotics #AI\n\n1 #Manufacturing 43%\n2 #Re\xe2\x80\xa6""",b'CyberWorld',6,b'Twitter for iPad', ArtificailIntelligence Robotics AI Manufacturing
YvonneGreene81,b'Lost in Digital',2019-08-08 16:11:23,b'RT @WiproDigital: The benefits and risks of #AI. https://t.co/7YaBUT2XmG via @FLIxrisk ht @MikeQuindazzi;  #MachineLearning #DeepLearning #\xe2\x80\xa6',"b'Chicago, IL'",47,b'Twitter Web App', AI MachineLearning DeepLearning
PaulTheDigit,b'Mixed Intelligence',2019-08-08 15:56:29,b'RT @WiproDigital: The benefits and risks of #AI. https://t.co/7YaBUT2XmG via @FLIxrisk ht @MikeQuindazzi;  #MachineLearning #DeepLearning #\xe2\x80\xa6',b'United States',47,b'Twitter Web App', AI MachineLearning DeepLearning
chidambara09,b'Chidambara .ML.',2019-08-08 15:37:48,b'RT @nordicinst: NHS to accelerate roll-out of artificial intelligence. #bigdata #ArtificialIntelligence #robotics https://t.co/44aGNX7wRA',b'Mysore  and  BERLIN ',4,b'Twitter Web App', bigdata ArtificialIntelligence robotics
SaeedBaygi,b'Saeed Valadbaygi',2019-08-08 15:25:01,"b'Global #Artificial #Intelligence of Things (AIoT) Market by Technology &amp; Solutions 2019-2024\xc2\xa0\xc2\xa0GlobeNewswire Dublin, Aug. 07, 2019 (GLOBE NEWSWIRE) -- The ""Artificial Intelligence of Things: AIoT Market by Technology and Solutions 2019-2... https://t.co/J7WBO56C9i #Toronto #Fraud'","b'Toronto, Ontario'",0,b'Twibble.io', Artificial Intelligence Toronto Fraud
thomashilbig2,b'Thomas Hilbig 2.0',2019-08-08 15:04:58,b'RT @nordicinst: NHS to accelerate roll-out of artificial intelligence. #bigdata #ArtificialIntelligence #robotics https://t.co/44aGNX7wRA',b'',4,b'TheBigDataBot', bigdata ArtificialIntelligence robotics
nordicinst,b'Nordic AI Artificial Intelligence Institute',2019-08-08 15:04:42,b'NHS to accelerate roll-out of artificial intelligence. #bigdata #ArtificialIntelligence #robotics https://t.co/44aGNX7wRA',b'Global',4,b'IFTTT', bigdata ArtificialIntelligence robotics
RoboticsandAI,b'AI & Robotics Events #intoAI',2019-08-08 15:02:05,b'@turinginst we are giving away 10 FREE tickets for PhD and MSc level students of #AI or #MachineLearning for our AI &amp; #Robotics Conference &amp; Expo Showcase Oct 31st in London. Head to https://t.co/wKZHcEAJT8 now to claim your free ticket! #ArtificialIntelliegence #DeepLearning',"b'London, England'",0,b'Hootsuite Inc.', AI MachineLearning Robotics ArtificialIntelliegence DeepLearning
SaeedBaygi,b'Saeed Valadbaygi',2019-08-08 14:24:56,"b""Worried about manipulation by #Artificial Intelligence? You should be, author warns\xc2\xa0\xc2\xa0WRAL Tech Wire Editor's note: Alexander Ferguson, CEO of https://t.co/44doYoCIyj, continues his Uptech series about Artificia... https://t.co/UvRmvz4tjb #AI #ArtificialIntelligence #Intelligence https://t.co/5l1AP9tNKp""","b'Toronto, Ontario'",0,b'Twibble.io', Artificial AI ArtificialIntelligence Intelligence
SaeedBaygi,b'Saeed Valadbaygi',2019-08-08 14:24:36,b'#Artificial #Intelligence vs. Human Creativity in Marketing\xc2\xa0\xc2\xa0https://t.co/RjTYYP52aL How can marketers benefit from artificial intelligence and machine-learning while avoiding the pitfalls? By balancing #AI an... https://t.co/FC4ibTcX3X #ArtificialIntelligence #Business #Toronto https://t.co/HRsU9IukFs',"b'Toronto, Ontario'",0,b'Twibble.io', Artificial Intelligence AI ArtificialIntelligence Business Toronto
RPA_branding,b'Nicole Nuppenau',2019-08-08 14:20:13,"b""Read Greg Johnson's story on how he created a #MachineLearning system that is capable of recognizing dozens of sub-cellular structures and what this means to healthcare. \xc2\xbb https://t.co/Oos87w5ODB\n\n#AI #MachineLearning #ML #BigData #IoT #DeepLearning #Robotics https://t.co/K9qFQUGe5U""","b'Cologne, Germany'",0,b'Hootsuite Inc.', MachineLearning AI MachineLearning ML BigData IoT DeepLearning Robotics
SaeedBaygi,b'Saeed Valadbaygi',2019-08-08 13:54:35,"b'Healthcare #Artificial #Intelligence Market to expand at a steady CAGR of 51.9% by 2023, Emerging Technology Trends, Global #AI Industry Analysis by Size, Growth, Regional Data, Share, Key Players |\xc2\xa0\xc2\xa0Medgadget Healthcare Artific... https://t.co/gYaiWa8ODL #ArtificialIntelligence'","b'Toronto, Ontario'",0,b'Twibble.io', Artificial Intelligence AI ArtificialIntelligence
HesamSajadian,b'Hesam Sajadian',2019-08-08 13:24:07,b'#Artificial #Intelligence can adapt to the learning patterns of each student\xe2\x80\x99\n#AI have emerged out of labs into our daily routine activities. Whether it is the buzz around #autonomic \n@andy_fitze @SwissCognitive \n\n https://t.co/6kP5R3BMJw',b'',0,b'Twitter for iPhone', Artificial Intelligence AI autonomic
TechnoJeder,b'TechnoJeder A.I.',2019-08-08 13:13:02,"b""RT @ARTBA: We're previewing some of the great sessions on tap for the @ARTBA National Convention Sept. 22-25 in Savannah! Come join us! htt\xe2\x80\xa6""",b'India',2,b'TechnoJeder',
Screen Name,User Name,Tweet Created At,Tweet Text,User Location,Retweet Count,Phone Type,Hashtags
SaeedBaygi,b'Saeed Valadbaygi',2019-08-09 23:54:45,"b""Law in the Age of #Artificial #Intelligence | Blue J Legal\xc2\xa0\xc2\xa0JD Supra In the future, self-driving cars may become the norm on roads rather than the subject of promising reports from the tech industry's leading companies. What first ... https://t.co/nMyYmEcWQk #Business #AI #Fraud https://t.co/ApSBV7L4El""","b'Toronto, Ontario'",0,b'Twibble.io', Artificial Intelligence Business AI Fraud
SaeedBaygi,b'Saeed Valadbaygi',2019-08-09 23:54:29,"b""How Can #Artificial #Intelligence (#AI) Power the Next Era of B2B Marketing?\xc2\xa0\xc2\xa0G2 It's time to start considering how AI will help B2B marketing break into the new era. Read on to see exactly what the future loo... https://t.co/N6qWcNbj5b #ArtificialIntelligence #Toronto #Business https://t.co/lceFMURgYO""","b'Toronto, Ontario'",0,b'Twibble.io', Artificial Intelligence AI ArtificialIntelligence Toronto Business
eagle_drones_us,b'Eagle Drones',2019-08-09 21:09:01,b'The age of artificial intelligence arrives in data centers https://t.co/XMZXY9fnO9\n\n#electronics #DataCenter #engineering #ai #robotics #iot #industrialdesign #architectures #tech #bigdata #technology #robot #eagledrones #eagle_drones_us @eagle_drones_us https://t.co/YyQRszNaBm',"b'100 Illinois Street, Suite 200'",0,b'Buffer', electronics DataCenter engineering ai robotics iot industrialdesign architectures tech bigdata technology robot eagledrones eagle_drones_us
TonyU09876,b'Tony',2019-08-09 20:28:42,"b'RT @EDNcom: #OnThisDay in #TechHistory, mathematician and co-founder of the field of artificial intelligence Marvin #Minsky was born #EDNMo\xe2\x80\xa6'",b'Ailleurs',2,b'Twitter for Android', OnThisDay TechHistory Minsky
EDNcom,b'EDN.com',2019-08-09 20:28:01,"b'#OnThisDay in #TechHistory, mathematician and co-founder of the field of artificial intelligence Marvin #Minsky was born #EDNMoments #AI #robotics  https://t.co/cR4nM6lJbu https://t.co/ZLcUqYfofI'",b'',2,b'Buffer', OnThisDay TechHistory Minsky EDNMoments AI robotics
SaeedBaygi,b'Saeed Valadbaygi',2019-08-09 20:24:49,"b'#Artificial #Intelligence is the Key to Revolutionize the Procurement Process | Read SpendEdge\xe2\x80\x99s Latest Blog to Understand the Impact of #AI in Procurement\xc2\xa0\xc2\xa0Yahoo Finance SpendEdge, a leading provider of procurement market intel... https://t.co/bZKC1BsBnv #ArtificialIntelligence'","b'Toronto, Ontario'",0,b'Twibble.io', Artificial Intelligence AI ArtificialIntelligence
SaeedBaygi,b'Saeed Valadbaygi',2019-08-09 18:54:43,b'NHS To Create National #Artificial #Intelligence Lab Following \xc2\xa3250 Million Investment Boost\xc2\xa0\xc2\xa0Forbes NHS England will set up a national artificial intelligence lab to help improve the health and lives of patients as part of a \xc2\xa3250 ... https://t.co/1u86gMgrUn #Business #Fraud #AI https://t.co/4g7DitjqD7',"b'Toronto, Ontario'",0,b'Twibble.io', Artificial Intelligence Business Fraud AI
SaeedBaygi,b'Saeed Valadbaygi',2019-08-09 18:54:24,"b""Malta's #Artificial #Intelligence guiding principles up for consultation\xc2\xa0\xc2\xa0Times of Malta Lawyers, programmers, ethicists and other stakeholders have one month to tell the government what they make of an Artificial ... https://t.co/Uf95FWmzvh #Business #AI #ArtificialIntelligence https://t.co/XEoe2PTeKn""","b'Toronto, Ontario'",0,b'Twibble.io', Artificial Intelligence Business AI ArtificialIntelligence
jeanrossignol,b'jean rossignol \xf0\x9f\x8c\x88',2019-08-09 18:26:17,b'Artificial Intelligence / Robotics / Biotic\n\nThe first phase of the development of New Technologies: #AI #Robotics #Biotics\n\nWill be to get rid of repetitive mechanical spots to finally be able to devote ourselves to creative tasks\n\nIt is crucial\n\n#DL #5G https://t.co/tOGjkJYWOn https://t.co/oOcefKSqHn',"b'Marseille, France'",1,b'Twitter Web App', AI Robotics Biotics DL 5G
SaeedBaygi,b'Saeed Valadbaygi',2019-08-09 18:24:38,"b'Could #artificial #intelligence prevent sepsis in hospital patients? Sentara thinks so.\xc2\xa0\xc2\xa0Medical Xpress During your stay in a hospital, computer systems are collecting and analyzing all sorts of data about you. https://t.co/V0bzZwDQnL #AI #ArtificialIntelligence #Fraud https://t.co/QpJbHdhKK5'","b'Toronto, Ontario'",0,b'Twibble.io', artificial intelligence AI ArtificialIntelligence Fraud
stud3n7ov7if3,b'Stud3n7ov7if3',2019-08-09 18:04:28,"b""It's all tied up! Let's get some more votes in so we can really see where everyone stands on the dangers of #Artificial #Intelligence #WritingCommunity #AI #Augmentedintelligence #vs #ArtificialIntelligence https://t.co/DlxeVgGzKm""","b'Columbus, OH'",1,b'Twitter for Android', Artificial Intelligence WritingCommunity AI Augmentedintelligence vs ArtificialIntelligence
PesceAssociates,b'Pesce & Associates',2019-08-09 18:00:34,"b'As robots become commonplace, helping new and existing employees adjust to the working arrangements and understand how their role might evolve will be essential for success. https://t.co/JcuGGfmpNR #hr #humanresources #automation #cobotics #robotics https://t.co/yTJeURn3v9'","b'Toronto, Ontario'",0,b'Hootsuite Inc.', hr humanresources automation cobotics robotics
SaeedBaygi,b'Saeed Valadbaygi',2019-08-09 16:54:36,"b""#Artificial #intelligence: good for cars, better for smart cities\xc2\xa0\xc2\xa0Automotive World Artificial intelligence (AI) has become one of the industry's favoured buzzwords to promote the new technologies that are set to filter into cars. Autonomous... https://t.co/rnNdRilkBB #Fraud #AI""","b'Toronto, Ontario'",0,b'Twibble.io', Artificial intelligence Fraud AI
SaeedBaygi,b'Saeed Valadbaygi',2019-08-09 16:54:17,"b'Launch of public consultation on #artificial intelligence\xc2\xa0\xc2\xa0Malta Independent Online The Malta.#AI Taskforce, which has been commissioned by the Maltese Government to draft Malta AI National Strategy, is launchin... https://t.co/LhGYxiokQp #Business #Fraud #ArtificialIntelligence https://t.co/hC08TQqw6G'","b'Toronto, Ontario'",0,b'Twibble.io', artificial AI Business Fraud ArtificialIntelligence
SaeedBaygi,b'Saeed Valadbaygi',2019-08-09 16:24:16,"b""Young \xe2\x80\x9cOmnipreneur\xe2\x80\x9d Offers #Artificial #Intelligence Software to His Forex Trading Students\xc2\xa0\xc2\xa0Thrive Global You've heard of entrepreneurs before, right? Entrepreneurs are people who take huge financial risks in order... https://t.co/CBpWlFDqMh #Toronto #AI #ArtificialIntelligence https://t.co/87Y4AKagqV""","b'Toronto, Ontario'",0,b'Twibble.io', Artificial Intelligence Toronto AI ArtificialIntelligence
CeoAwareness,b'CEO Tech Awareness',2019-08-09 16:01:31,b'RT @WiproDigital: The benefits and risks of #AI. https://t.co/7YaBUT2XmG via @FLIxrisk ht @MikeQuindazzi;  #MachineLearning #DeepLearning #\xe2\x80\xa6',b'',47,b'Twitter Web App', AI MachineLearning DeepLearning
SaeedBaygi,b'Saeed Valadbaygi',2019-08-09 15:24:07,"b'#Artificial #intelligence scores another victory in diagnosing breast cancer\xc2\xa0\xc2\xa0GeekWire Human doctors once again fell short of artificial intelligence in a test to accurately diagnose breast cancer, adding yet more evidence that AI-... https://t.co/g8CDIUNNzv #Business #AI #Fraud https://t.co/AT67JwB09g'","b'Toronto, Ontario'",0,b'Twibble.io', Artificial intelligence Business AI Fraud
smartecocity,b'SmartEcoCity',2019-08-09 14:57:43,"b""RT @SaeedBaygi: NHS to establish an #artificial #intelligence lab\xc2\xa0\xc2\xa0SmartCitiesWorld UK's Department of Health and Social Care says the lab\xe2\x80\xa6""",b'Beijing |Taipei |Dubai |Geneva',1,b'Twitterbot SEC', artificial intelligence
SaeedBaygi,b'Saeed Valadbaygi',2019-08-09 14:55:02,"b""The age of #artificial #intelligence arrives in data centers\xc2\xa0\xc2\xa0DatacenterDynamics Artificial intelligence's potential in the data center is nearly limitless, and we've only been able to focus on a few areas where it ... https://t.co/LePM7KiTKu #Toronto #AI #ArtificialIntelligence https://t.co/zJ9knqPxEF""","b'Toronto, Ontario'",0,b'Twibble.io', artificial intelligence Toronto AI ArtificialIntelligence
SaeedBaygi,b'Saeed Valadbaygi',2019-08-09 14:54:42,"b""NHS to establish an #artificial #intelligence lab\xc2\xa0\xc2\xa0SmartCitiesWorld UK's Department of Health and Social Care says the lab will bring together academics, specialists and technology companies to work on the biggest challenges ... https://t.co/ds7op4FQgV #Fraud #AI #Business https://t.co/s4uVF52PQX""","b'Toronto, Ontario'",1,b'Twibble.io', artificial intelligence Fraud AI Business
SaeedBaygi,b'Saeed Valadbaygi',2019-08-09 14:24:33,"b""#Artificial #Intelligence is the Key to Revolutionize the Procurement Process | Read SpendEdge's Latest Blog to Understand the Impact of #AI in Procurement\xc2\xa0\xc2\xa0Business Wire LONDON--(BUSINESS WIRE)--SpendEdge, a ... https://t.co/m6KW0OU9a4 #ArtificialIntelligence #Toronto #Business https://t.co/wFdjPHdjzP""","b'Toronto, Ontario'",0,b'Twibble.io', Artificial Intelligence AI ArtificialIntelligence Toronto Business
SaeedBaygi,b'Saeed Valadbaygi',2019-08-09 13:24:26,"b'MIT Automates #Artificial #Intelligence for Medical Decision-Making\xc2\xa0\xc2\xa0SciTechDaily MIT computer scientists are hoping to accelerate the use of artificial intelligence to improve medical decision-making, by automatin... https://t.co/HPXLuOgMLo #AI #ArtificialIntelligence #Business https://t.co/zCuNEgD1A5'","b'Toronto, Ontario'",0,b'Twibble.io', Artificial Intelligence AI ArtificialIntelligence Business
SaeedBaygi,b'Saeed Valadbaygi',2019-08-09 13:24:07,"b'#Artificial #intelligence is changing the teaching-learning process in education!\xc2\xa0\xc2\xa0India Today From letting teachers concentrate on building the minds of students instead of checking copies, to tailoring the learning process for ... https://t.co/Ik6d1ZNZpV #AI #Toronto #Business https://t.co/tSP8yRuKUA'","b'Toronto, Ontario'",0,b'Twibble.io', Artificial intelligence AI Toronto Business
SaeedBaygi,b'Saeed Valadbaygi',2019-08-09 11:54:34,b'How Fintechs Can Leverage #Artificial Intelligence\xc2\xa0\xc2\xa0Forbes Address customer sentiment and risk to realize the full potential of AI. https://t.co/7kM5r8e56Y #Toronto #Fraud #AI https://t.co/tZSienYH0A',"b'Toronto, Ontario'",0,b'Twibble.io', Artificial Toronto Fraud AI
SaeedBaygi,b'Saeed Valadbaygi',2019-08-09 10:24:38,b'How #artificial #intelligence is being used at the Brain Tumour Research Centres of Excellence\xc2\xa0\xc2\xa0Brain Tumour Research NHS England is investing \xc2\xa3250m to boost the role of Artificial Intelligence (AI) within the health *service*. Health Secr... https://t.co/IED3AS5yqz #AI #Toronto',"b'Toronto, Ontario'",0,b'Twibble.io', artificial intelligence AI Toronto
SaeedBaygi,b'Saeed Valadbaygi',2019-08-09 09:54:17,b'#Artificial #Intelligence in military operations: Where does India stand?\xc2\xa0\xc2\xa0https://t.co/OLnWBLR7xD Policymakers must have a sound understanding of the objectives that #AI seeks to achieve in the strategic contex... https://t.co/zTAh4jVBMl #ArtificialIntelligence #Business #Fraud https://t.co/oPhs0or3WL',"b'Toronto, Ontario'",0,b'Twibble.io', Artificial Intelligence AI ArtificialIntelligence Business Fraud
Haroonshaukat7,b'Haroon shaukat',2019-08-09 09:39:26,"b'RT @AdditionRecruit: #OnThisDay in 1927, computer pioneer Marvin Minsky born. Minsky has made many major contributions to computer science\xe2\x80\xa6'","b'Lahore, Pakistan'",4,b'Twitter for Android', OnThisDay
AdditionRecruit,b'Addition Solutions',2019-08-09 09:30:06,"b'#OnThisDay in 1927, computer pioneer Marvin Minsky born. Minsky has made many major contributions to computer science in the areas of Artificial Intelligence (AI), cognitive psychology, mathematics, computational linguistics, robotics, and optics.\n\n#Tech #Computer #AI #Robotics https://t.co/uXGwTRDO9O'",b'Europe',4,b'Hootsuite Inc.', OnThisDay Tech Computer AI Robotics
SaeedBaygi,b'Saeed Valadbaygi',2019-08-09 09:24:37,"b""Health Secretary announces \xc2\xa3250 million investment in #Artificial Intelligence\xc2\xa0\xc2\xa0Intelligent CIO ME The #AI Lab will bring together the industry's best academics, specialists and technology companies to work on some of the biggest c... https://t.co/Ps3xYkUbGg #Fraud #Intelligence""","b'Toronto, Ontario'",0,b'Twibble.io', Artificial AI Fraud Intelligence
GianlucaSgueo,b'Gianluca Sgueo',2019-08-09 09:00:50,"b""How much would a 'non-Europe' framework would cost in #robotics and artificial intelligence? @EP_ThinkTank has the numbers https://t.co/R8KEIgZ2Rr #AI""","b'Rome, Italy'",0,b'Hootsuite Inc.', robotics AI
julianaseu,b'Julianna Ribera',2019-08-09 08:46:39,b'RT @nordicinst: NHS to accelerate roll-out of artificial intelligence. #bigdata #ArtificialIntelligence #robotics https://t.co/44aGNX7wRA',b'Catalunya',4,b'Twitter for Android', bigdata ArtificialIntelligence robotics
GeoSpock,b'GeoSpock',2019-08-09 07:45:03,b'We are entering the 4th industrial revolution powered by a fusion of technologies including #AI and #robotics and the impact of this revolution will be more profound as time goes on - great article via @Telegraph https://t.co/nPysx1go6G https://t.co/G2IOBTYUU6',"b'Cambridge, England'",0,b'Hootsuite Inc.', AI robotics
AIVids,b'Artificial Intelligence',2019-08-09 07:20:20,b'\xf0\x9f\x87\xba\xf0\x9f\x87\xb8 #Lecturer/Senior Lecturer in Interactive Artificial Intelligence job with UNIVERSITY OF BRISTOL | 174819 - Times Higher Education (THE) https://t.co/E6pHOgqHfi \xe2\xac\x87\xef\xb8\x8f #Robotics \xe2\xac\x87\xef\xb8\x8f #Data \xe2\xac\x87\xef\xb8\x8f #DataScience \xe2\xac\x87\xef\xb8\x8f #BigData \xe2\xac\x87\xef\xb8\x8f #Technology \xe2\xac\x87\xef\xb8\x8f #ArtificialIntelligence \xe2\xac\x87\xef\xb8\x8f #AI \xe2\xac\x87\xef\xb8\x8f #Automati\xe2\x80\xa6',b'',0,b'IFTTT', Lecturer Robotics Data DataScience BigData Technology ArtificialIntelligence AI Automati
MasterMartech,b'Martech Master',2019-08-09 07:09:27,b'RT @WiproDigital: The benefits and risks of #AI. https://t.co/7YaBUT2XmG via @FLIxrisk ht @MikeQuindazzi;  #MachineLearning #DeepLearning #\xe2\x80\xa6',b'',47,b'Twitter Web App', AI MachineLearning DeepLearning
rvp,b'Ravi Visvesvaraya Sharada Prasad',2019-08-09 07:07:48,"b'#LI RT machine_ml https://t.co/ZtnJOwLD6z RT nordicinst: Wily\xe2\x80\x8b, brand new artificial intelligence guiding you through the world of cryptocurrencies.. #datascience #MachineLearning #robotics https://t.co/E9RMhh0HMw #rvp #7GTech #ArtificialIntelligence #AI #ML #MachineLearning'","b'New Delhi, India'",0,b'IFTTT', LI datascience MachineLearning robotics rvp 7GTech ArtificialIntelligence AI ML MachineLearning
TheCuriousLuke,b'Curious Luke',2019-08-09 07:06:04,b'RT @AIVids: \xf0\x9f\x87\xba\xf0\x9f\x87\xb8 #Artificial Intelligence in Cardiology: A Futuristic View of A.I. in Cardiology - https://t.co/IBy9RtH8Zp https://t.co/Hghir\xe2\x80\xa6',b'Switzerland',1,b'RTML', Artificial
AIVids,b'Artificial Intelligence',2019-08-09 07:05:49,b'\xf0\x9f\x87\xba\xf0\x9f\x87\xb8 #Just 50% of Hospital Leaders Familiar with Artificial Intelligence - Xtelligent Healthcare Media https://t.co/OncsvYZuSk \xe2\xac\x87\xef\xb8\x8f #Robotics \xe2\xac\x87\xef\xb8\x8f #Data \xe2\xac\x87\xef\xb8\x8f #DataScience \xe2\xac\x87\xef\xb8\x8f #BigData \xe2\xac\x87\xef\xb8\x8f #Technology \xe2\xac\x87\xef\xb8\x8f #ArtificialIntelligence \xe2\xac\x87\xef\xb8\x8f #AI \xe2\xac\x87\xef\xb8\x8f #Automation \xe2\xac\x87\xef\xb8\x8f #MachineLearning \xe2\xac\x87\xef\xb8\x8f #ML \xe2\xac\x87\xef\xb8\x8f #Internet\xe2\x80\xa6',b'',0,b'IFTTT', Just Robotics Data DataScience BigData Technology ArtificialIntelligence AI Automation MachineLearning ML Internet
AIVids,b'Artificial Intelligence',2019-08-09 07:05:47,b'\xf0\x9f\x87\xba\xf0\x9f\x87\xb8 #Artificial Intelligence in Cardiology: A Futuristic View of A.I. in Cardiology - https://t.co/IBy9RtH8Zp https://t.co/HghirG5giB \xe2\xac\x87\xef\xb8\x8f #Robotics \xe2\xac\x87\xef\xb8\x8f #Data \xe2\xac\x87\xef\xb8\x8f #DataScience \xe2\xac\x87\xef\xb8\x8f #BigData \xe2\xac\x87\xef\xb8\x8f #Technology \xe2\xac\x87\xef\xb8\x8f #ArtificialIntelligence \xe2\xac\x87\xef\xb8\x8f #AI \xe2\xac\x87\xef\xb8\x8f #Automation \xe2\xac\x87\xef\xb8\x8f #MachineLearning \xe2\xac\x87\xef\xb8\x8f #ML \xe2\xac\x87\xef\xb8\x8f \xe2\x80\xa6',b'',1,b'IFTTT', Artificial Robotics Data DataScience BigData Technology ArtificialIntelligence AI Automation MachineLearning ML
SaeedBaygi,b'Saeed Valadbaygi',2019-08-09 05:54:14,"b'Largest Revenue Segment of #Artificial #Intelligence Software Platforms Market Global Players Google, Baidu, IBM, Microsoft, SAP, Intel, Salesforce\xc2\xa0\xc2\xa0Technology News IT Technology News24 provides latest industry trending news... https://t.co/slGSuPJtrX #ArtificialIntelligence #AI'","b'Toronto, Ontario'",0,b'Twibble.io', Artificial Intelligence ArtificialIntelligence AI
ssn4value,b'SSN 4 Value',2019-08-09 05:25:01,"b'Based on the #business #valuation and #due #diligence, #Replicant, the San Francisco, CA, provider of #AI #artificial intelligence-enabled #voice #technologies, raised $7 million in #seed funding, from #Atomic, #Bloomberg Beta, #Costanoa Ventures, and #Norwest Venture Partners https://t.co/jZRbK8Rh0j'",b'United States',0,b'Sprout Social', business valuation due diligence Replicant AI artificial voice technologies seed Atomic Bloomberg Costanoa Norwest
SaeedBaygi,b'Saeed Valadbaygi',2019-08-09 04:24:56,"b""B3LAB: Data and #artificial #intelligence center of Turkey\xc2\xa0\xc2\xa0Daily Sabah B3LAB, the Cloud Computing and Big Data Research Laboratory, is playing a key role in the formation of Turkey's artificial intelligence strateg... https://t.co/U9xM9ESuvl #AI #Toronto #ArtificialIntelligence https://t.co/IjQdSIQkYs""","b'Toronto, Ontario'",0,b'Twibble.io', artificial intelligence AI Toronto ArtificialIntelligence
SaeedBaygi,b'Saeed Valadbaygi',2019-08-09 04:24:16,"b'Lecturer/Senior Lecturer in Interactive #Artificial #Intelligence job with UNIVERSITY OF BRISTOL | 174819\xc2\xa0\xc2\xa0Times Higher Education (THE) Division/School School of Computer Science, Electrical and Electronic Engineering and Engineering Math... https://t.co/gU6eSdw7la #Business #AI'","b'Toronto, Ontario'",0,b'Twibble.io', Artificial Intelligence Business AI
SaeedBaygi,b'Saeed Valadbaygi',2019-08-09 03:54:15,"b'VNCCII\'s ""Astro Life"" is what Happens when Humanity and #Artificial #Intelligence Collide\xc2\xa0\xc2\xa0https://t.co/m2VJBCkuBu VNCCII explores a utopian soundscape through the eyes of her 3D robot avatar in new record and music video for ""Astr... https://t.co/P056Noe88T #AI #Business #Fraud https://t.co/SZW3IotLsC'","b'Toronto, Ontario'",0,b'Twibble.io', Artificial Intelligence AI Business Fraud
OscarCumbicus,b'Oscar Cumbicus',2019-08-09 03:31:12,"b'RT @nordicinst: Wily\xe2\x80\x8b, brand new artificial intelligence guiding you through the world of cryptocurrencies.. #datascience #MachineLearning\xe2\x80\xa6'",b'Loja-Ecuador',5,b'Twitter for iPhone', datascience MachineLearning
machine_ml,b'Machine Learning',2019-08-09 03:16:55,"b'RT @nordicinst: Wily\xe2\x80\x8b, brand new artificial intelligence guiding you through the world of cryptocurrencies.. #datascience #MachineLearning\xe2\x80\xa6'",b'',5,b'ML_BD_bot', datascience MachineLearning
msarozz,b'Saroj Humagain',2019-08-09 03:16:28,"b'RT @nordicinst: Wily\xe2\x80\x8b, brand new artificial intelligence guiding you through the world of cryptocurrencies.. #datascience #MachineLearning\xe2\x80\xa6'",b'Nepal',5,"b'Twitter bot, saroj humagain'", datascience MachineLearning
BrainRoaring,b'Roaring Brain',2019-08-09 03:14:58,"b'RT @nordicinst: Wily\xe2\x80\x8b, brand new artificial intelligence guiding you through the world of cryptocurrencies.. #datascience #MachineLearning\xe2\x80\xa6'",b'',5,b'App roaring brain', datascience MachineLearning
SeetaLabs,b'SeetaLabs',2019-08-09 03:13:57,"b'RT @nordicinst: Wily\xe2\x80\x8b, brand new artificial intelligence guiding you through the world of cryptocurrencies.. #datascience #MachineLearning\xe2\x80\xa6'",b'',5,b'Tweet1425526', datascience MachineLearning
nordicinst,b'Nordic AI Artificial Intelligence Institute',2019-08-09 03:13:08,"b'Wily\xe2\x80\x8b, brand new artificial intelligence guiding you through the world of cryptocurrencies.. #datascience #MachineLearning #robotics https://t.co/qxrjoEyVMI'",b'Global',5,b'IFTTT', datascience MachineLearning robotics
mimeasia,b'Mime Asia',2019-08-09 03:01:26,"b'Everyone already familiar with artificial intelligence or AI, but most of the still questioning how is the\xc2\xa0Artificial intelligence background\xc2\xa0goes?\n\nhttps://t.co/j5eGJ9Fnuq\n\n#ArtificialIntelligence\n#artificial\n#Intelligence \n#tools \n#tech \n#technology \n#bussiness \n#mime https://t.co/bFX6II6Eds'",b'Jakarta Capital Region',0,b'Twitter Web App', ArtificialIntelligence artificial Intelligence tools tech technology bussiness mime
SaeedBaygi,b'Saeed Valadbaygi',2019-08-09 02:54:10,b'Amazing #AI Automatically Turns You Into an Anime Character\xc2\xa0\xc2\xa0Futurism It was only a matter of time until somebody created an #artificial #intelligence designed to transmute you into an anime character. And now a... https://t.co/116XIQ2Smw #Business #Fraud #ArtificialIntelligence https://t.co/samP0TbwVX',"b'Toronto, Ontario'",0,b'Twibble.io', AI artificial intelligence Business Fraud ArtificialIntelligence
JohnLukoda,b'Lukoda John Bosco',2019-08-09 02:22:26,b'RT @WiproDigital: The benefits and risks of #AI. https://t.co/7YaBUT2XmG via @FLIxrisk ht @MikeQuindazzi;  #MachineLearning #DeepLearning #\xe2\x80\xa6',"b'Bengaluru, India'",47,b'Twitter for Android', AI MachineLearning DeepLearning
NewTechTwin,b'Emerging Tech Channel',2019-08-09 02:15:28,b'RT @WiproDigital: The benefits and risks of #AI. https://t.co/7YaBUT2XmG via @FLIxrisk ht @MikeQuindazzi;  #MachineLearning #DeepLearning #\xe2\x80\xa6',b'United States',47,b'Twitter Web App', AI MachineLearning DeepLearning
rnalytics,b'R\xe2\x80\x99nalytics',2019-08-09 01:15:43,b'RT @WiproDigital: The benefits and risks of #AI. https://t.co/7YaBUT2XmG via @FLIxrisk ht @MikeQuindazzi;  #MachineLearning #DeepLearning #\xe2\x80\xa6',"b'Riverside, CA'",47,b'Sharing_Fashion', AI MachineLearning DeepLearning
misssophiebot,b'Sophie',2019-08-09 00:38:27,b'RT @mrpeterivan: Unlocking the Potential of Electronic Health Records with Artificial Intelligence  \n#AI #ML #ArtificialIntelligence #Algor\xe2\x80\xa6',b'Nairobi',4,b'Bot Libre!', AI ML ArtificialIntelligence
DigiTransTop,b'Top Digital Transformation',2019-08-09 00:21:27,b'RT @WiproDigital: The benefits and risks of #AI. https://t.co/7YaBUT2XmG via @FLIxrisk ht @MikeQuindazzi;  #MachineLearning #DeepLearning #\xe2\x80\xa6',b'Spain',47,b'Twitter Web App', AI MachineLearning DeepLearning
iot_base,b'#IOT Base',2019-08-09 00:03:12,b'RT @WiproDigital: The benefits and risks of #AI. https://t.co/7YaBUT2XmG via @FLIxrisk ht @MikeQuindazzi;  #MachineLearning #DeepLearning #\xe2\x80\xa6',"b'Washington, DC'",47,b'iot_base_Schnittstelle', AI MachineLearning DeepLearning
SaeedBaygi,b'Saeed Valadbaygi',2019-08-08 23:54:32,b'8 Steps CIOs Must Take to Transform with #Artificial Intelligence\xc2\xa0\xc2\xa0Campus Technology Companies across the globe are embracing artificial #intelligence (AI) within their organizations - 51% of firms have already implem... https://t.co/CFL8Sbfxaj #ArtificialIntelligence #AI #Fraud https://t.co/25AXQUqHuk',"b'Toronto, Ontario'",0,b'Twibble.io', Artificial intelligence ArtificialIntelligence AI Fraud
KnXChg,b'Knowledge Exchange',2019-08-08 23:24:59,b'RT @SaeedBaygi: DataTracks Plans Next Version of Rainbow Software Featuring #Artificial #Intelligence and Machine Learning\xc2\xa0\xc2\xa0Business Wire D\xe2\x80\xa6',"b'Detroit, MI'",1,b'KXChg', Artificial Intelligence
Emerson4br,b'Emerson4br \xf0\x9f\x9a\xa9\xf0\x9f\x8c\x90\xf0\x9f\x9a\xa9',2019-08-08 23:20:38,b'RT @ingliguori: Successful use of new technologies and #digital services can bring companies a considerable distance forward in a short tim\xe2\x80\xa6',b'Br\xc3\xa9zeul',22,b'Twitter for Android', digital
AkwyZ,b'Antonio Vieira Santos #\xef\xb8\x8f\xe2\x83\xa3#YourExpert\xf0\x9f\xa6\x89',2019-08-08 23:16:24,b'RT @ingliguori: Successful use of new technologies and #digital services can bring companies a considerable distance forward in a short tim\xe2\x80\xa6',"b'Cork, London, Lisbon, Munich'",22,b'Twitter for Android', digital
DME_Jun,b'DME Intelligence',2019-08-08 22:10:07,b'RT @mrpeterivan: Unlocking the Potential of Electronic Health Records with Artificial Intelligence  \n#AI #ML #ArtificialIntelligence #Algor\xe2\x80\xa6',"b'Boston, MA'",4,b'DME Intelligence_Jun', AI ML ArtificialIntelligence
VR_ARTech,b'VR & AR Technology',2019-08-08 22:05:27,b'RT @WiproDigital: The benefits and risks of #AI. https://t.co/7YaBUT2XmG via @FLIxrisk ht @MikeQuindazzi;  #MachineLearning #DeepLearning #\xe2\x80\xa6',b'Global',47,b'Twitter Web App', AI MachineLearning DeepLearning
mrpeterivan,b'peter',2019-08-08 21:56:09,b'Unlocking the Potential of Electronic Health Records with Artificial Intelligence  \n#AI #ML #ArtificialIntelligence #Algorithm #Technology #Digitalhealth #EHR #Health #Healthcare #HealthTech #Medicine #MedicalTech #Robotics #Automation #Science #Bigdata \nhttps://t.co/dFND18Uhe4',b'',4,b'Twitter Web App', AI ML ArtificialIntelligence Algorithm Technology Digitalhealth EHR Health Healthcare HealthTech Medicine MedicalTech Robotics Automation Science Bigdata
AYCLearnDigital,b'All You Can Learn Digital',2019-08-08 21:55:44,b'RT @WiproDigital: The benefits and risks of #AI. https://t.co/7YaBUT2XmG via @FLIxrisk ht @MikeQuindazzi;  #MachineLearning #DeepLearning #\xe2\x80\xa6',b'Internet',47,b'Twitter Web App', AI MachineLearning DeepLearning
DME_Jun,b'DME Intelligence',2019-08-08 21:55:25,"b'RT @mrpeterivan: Amid a healthcare staff crisis, artificial intelligence could be our radiologists of the future \n#AI #ML #ArtificialIntell\xe2\x80\xa6'","b'Boston, MA'",2,b'DME Intelligence_Jun', AI ML
DME_Health,b'DME Health',2019-08-08 21:55:04,"b'RT @mrpeterivan: Amid a healthcare staff crisis, artificial intelligence could be our radiologists of the future \n#AI #ML #ArtificialIntell\xe2\x80\xa6'",b'',2,b'DME Intelligence Jul', AI ML
mrpeterivan,b'peter',2019-08-08 21:54:07,"b'Amid a healthcare staff crisis, artificial intelligence could be our radiologists of the future \n#AI #ML #ArtificialIntelligence #Algorithm #Technology #Digitalhealth #Health #Healthcare #HealthTech #Medicine #MedicalTech #Robotics #Automation #Science \nhttps://t.co/3YbNR1QODY'",b'',2,b'Twitter Web App', AI ML ArtificialIntelligence Algorithm Technology Digitalhealth Health Healthcare HealthTech Medicine MedicalTech Robotics Automation Science
eprado_melo,b'eduardo prado',2019-08-08 20:58:41,b'RT @nordicinst: NHS to accelerate roll-out of artificial intelligence. #bigdata #ArtificialIntelligence #robotics https://t.co/44aGNX7wRA',b'S\xc3\xa3o Paulo',4,b'Twitter Web App', bigdata ArtificialIntelligence robotics
TonyaACooper,b'The Innovation Train',2019-08-08 20:52:11,b'RT @WiproDigital: The benefits and risks of #AI. https://t.co/7YaBUT2XmG via @FLIxrisk ht @MikeQuindazzi;  #MachineLearning #DeepLearning #\xe2\x80\xa6',b'United States',47,b'Twitter Web App', AI MachineLearning DeepLearning
SaeedBaygi,b'Saeed Valadbaygi',2019-08-08 20:24:43,"b""UCHealth's virtual assistant \xe2\x80\x9cLivi\xe2\x80\x9d powered by conversational #artificial #intelligence (#AI) now available on smart speaker devices\xc2\xa0\xc2\xa0GlobeNewswire New conversational AI technology is one of the most comprehensive offered by a U.S. health syst... https://t.co/DGb3kRTcqx #Toronto""","b'Toronto, Ontario'",0,b'Twibble.io', artificial intelligence AI Toronto
SaeedBaygi,b'Saeed Valadbaygi',2019-08-08 20:24:27,"b""Wily\xe2\x80\x8b, brand new #artificial #intelligence guiding you through the world of cryptocurrencies.\xc2\xa0\xc2\xa0TheCryptoUpdates Are you interested in cryptocurrencies but don't know where to start? HASHFOX has found the solution wi... https://t.co/Hd2zkGHw1Z #Toronto #ArtificialIntelligence #AI https://t.co/jLPgPp6YSD""","b'Toronto, Ontario'",0,b'Twibble.io', artificial intelligence Toronto ArtificialIntelligence AI
ScottGuliford,b'Passion 4 Tech',2019-08-08 20:03:29,b'RT @WiproDigital: The benefits and risks of #AI. https://t.co/7YaBUT2XmG via @FLIxrisk ht @MikeQuindazzi;  #MachineLearning #DeepLearning #\xe2\x80\xa6',b'',47,b'Twitter Web App', AI MachineLearning DeepLearning
TheDigitalEcos,b'The Digital Ecosystem',2019-08-08 19:53:28,b'RT @WiproDigital: The benefits and risks of #AI. https://t.co/7YaBUT2XmG via @FLIxrisk ht @MikeQuindazzi;  #MachineLearning #DeepLearning #\xe2\x80\xa6',b'United Kingdom',47,b'Twitter Web App', AI MachineLearning DeepLearning
DuUfficiale,b'Mohamed Sallam\xe2\x9a\x93',2019-08-08 19:44:00,b'RT @ecoMagNews: #Robots could help scientists shed new light on the variety of species living on the ocean floor - new research led by the\xe2\x80\xa6',b'Guss \xd9\x81\xd9\x8a\xd9\x86',2,b'Twitter for Android', Robots
Rons_ROV_Links,"b""Ron's ROV Links""",2019-08-08 19:34:50,b'RT @ecoMagNews: #Robots could help scientists shed new light on the variety of species living on the ocean floor - new research led by the\xe2\x80\xa6',b'',2,b'Twitter Web App', Robots
SaeedBaygi,b'Saeed Valadbaygi',2019-08-08 19:25:06,b'Fermilab scientist Nhan Tran receives prestigious DOE award to expand particle collider research capabilities using #artificial intelligence\xc2\xa0\xc2\xa0Fermi National Accelerator Laboratory The field of particle physics ... https://t.co/Csrl4VnP0y #AI #ArtificialIntelligence #Intelligence https://t.co/x87ozjig1t',"b'Toronto, Ontario'",0,b'Twibble.io', artificial AI ArtificialIntelligence Intelligence
ecoMagNews,b'ECO Magazine',2019-08-08 18:51:00,b'#Robots could help scientists shed new light on the variety of species living on the ocean floor - new research led by the @PlymUni \n\n#science #robotics #AI #research \nhttps://t.co/TrkTCiF7Q0',b'Global',2,b'Buffer', Robots science robotics AI research
SaeedBaygi,b'Saeed Valadbaygi',2019-08-08 18:24:46,"b'Spending Pledge for #Artificial #Intelligence Lab in NHS\xc2\xa0\xc2\xa0Medscape A \xc2\xa3250 million spending commitment to boost artificial intelligence (AI) in the NHS was announced by the Government. Matt Hancock, the Secretary of... https://t.co/w2luw39StA #ArtificialIntelligence #AI #Business https://t.co/G6oyvhBP6h'","b'Toronto, Ontario'",0,b'Twibble.io', Artificial Intelligence ArtificialIntelligence AI Business
JonClifton10,b'Jon Clifton',2019-08-08 17:45:40,b'RT @ingliguori: Successful use of new technologies and #digital services can bring companies a considerable distance forward in a short tim\xe2\x80\xa6',b'',22,b'Twitter for Android', digital
StrategyNDigita,b'Strategy & Digital',2019-08-08 17:08:29,b'RT @WiproDigital: The benefits and risks of #AI. https://t.co/7YaBUT2XmG via @FLIxrisk ht @MikeQuindazzi;  #MachineLearning #DeepLearning #\xe2\x80\xa6',"b'Texas, USA'",47,b'Twitter Web App', AI MachineLearning DeepLearning
ABetterInnovat1,b'A Better Innovation',2019-08-08 16:34:30,b'RT @WiproDigital: The benefits and risks of #AI. https://t.co/7YaBUT2XmG via @FLIxrisk ht @MikeQuindazzi;  #MachineLearning #DeepLearning #\xe2\x80\xa6',"b'Tukwila, WA'",47,b'Twitter Web App', AI MachineLearning DeepLearning
cybersec4u,b'Cyber Security',2019-08-08 16:31:16,"b""RT @LoomiAssistant: What's the perception of the jobs at most risk from #ArtificailIntelligence &amp; #Robotics #AI\n\n1 #Manufacturing 43%\n2 #Re\xe2\x80\xa6""",b'CyberWorld',6,b'Twitter for iPad', ArtificailIntelligence Robotics AI Manufacturing
YvonneGreene81,b'Lost in Digital',2019-08-08 16:11:23,b'RT @WiproDigital: The benefits and risks of #AI. https://t.co/7YaBUT2XmG via @FLIxrisk ht @MikeQuindazzi;  #MachineLearning #DeepLearning #\xe2\x80\xa6',"b'Chicago, IL'",47,b'Twitter Web App', AI MachineLearning DeepLearning
PaulTheDigit,b'Mixed Intelligence',2019-08-08 15:56:29,b'RT @WiproDigital: The benefits and risks of #AI. https://t.co/7YaBUT2XmG via @FLIxrisk ht @MikeQuindazzi;  #MachineLearning #DeepLearning #\xe2\x80\xa6',b'United States',47,b'Twitter Web App', AI MachineLearning DeepLearning
chidambara09,b'Chidambara .ML.',2019-08-08 15:37:48,b'RT @nordicinst: NHS to accelerate roll-out of artificial intelligence. #bigdata #ArtificialIntelligence #robotics https://t.co/44aGNX7wRA',b'Mysore  and  BERLIN ',4,b'Twitter Web App', bigdata ArtificialIntelligence robotics
SaeedBaygi,b'Saeed Valadbaygi',2019-08-08 15:25:01,"b'Global #Artificial #Intelligence of Things (AIoT) Market by Technology &amp; Solutions 2019-2024\xc2\xa0\xc2\xa0GlobeNewswire Dublin, Aug. 07, 2019 (GLOBE NEWSWIRE) -- The ""Artificial Intelligence of Things: AIoT Market by Technology and Solutions 2019-2... https://t.co/J7WBO56C9i #Toronto #Fraud'","b'Toronto, Ontario'",0,b'Twibble.io', Artificial Intelligence Toronto Fraud
thomashilbig2,b'Thomas Hilbig 2.0',2019-08-08 15:04:58,b'RT @nordicinst: NHS to accelerate roll-out of artificial intelligence. #bigdata #ArtificialIntelligence #robotics https://t.co/44aGNX7wRA',b'',4,b'TheBigDataBot', bigdata ArtificialIntelligence robotics
nordicinst,b'Nordic AI Artificial Intelligence Institute',2019-08-08 15:04:42,b'NHS to accelerate roll-out of artificial intelligence. #bigdata #ArtificialIntelligence #robotics https://t.co/44aGNX7wRA',b'Global',4,b'IFTTT', bigdata ArtificialIntelligence robotics
RoboticsandAI,b'AI & Robotics Events #intoAI',2019-08-08 15:02:05,b'@turinginst we are giving away 10 FREE tickets for PhD and MSc level students of #AI or #MachineLearning for our AI &amp; #Robotics Conference &amp; Expo Showcase Oct 31st in London. Head to https://t.co/wKZHcEAJT8 now to claim your free ticket! #ArtificialIntelliegence #DeepLearning',"b'London, England'",0,b'Hootsuite Inc.', AI MachineLearning Robotics ArtificialIntelliegence DeepLearning
SaeedBaygi,b'Saeed Valadbaygi',2019-08-08 14:24:56,"b""Worried about manipulation by #Artificial Intelligence? You should be, author warns\xc2\xa0\xc2\xa0WRAL Tech Wire Editor's note: Alexander Ferguson, CEO of https://t.co/44doYoCIyj, continues his Uptech series about Artificia... https://t.co/UvRmvz4tjb #AI #ArtificialIntelligence #Intelligence https://t.co/5l1AP9tNKp""","b'Toronto, Ontario'",0,b'Twibble.io', Artificial AI ArtificialIntelligence Intelligence
SaeedBaygi,b'Saeed Valadbaygi',2019-08-08 14:24:36,b'#Artificial #Intelligence vs. Human Creativity in Marketing\xc2\xa0\xc2\xa0https://t.co/RjTYYP52aL How can marketers benefit from artificial intelligence and machine-learning while avoiding the pitfalls? By balancing #AI an... https://t.co/FC4ibTcX3X #ArtificialIntelligence #Business #Toronto https://t.co/HRsU9IukFs',"b'Toronto, Ontario'",0,b'Twibble.io', Artificial Intelligence AI ArtificialIntelligence Business Toronto
RPA_branding,b'Nicole Nuppenau',2019-08-08 14:20:13,"b""Read Greg Johnson's story on how he created a #MachineLearning system that is capable of recognizing dozens of sub-cellular structures and what this means to healthcare. \xc2\xbb https://t.co/Oos87w5ODB\n\n#AI #MachineLearning #ML #BigData #IoT #DeepLearning #Robotics https://t.co/K9qFQUGe5U""","b'Cologne, Germany'",0,b'Hootsuite Inc.', MachineLearning AI MachineLearning ML BigData IoT DeepLearning Robotics
SaeedBaygi,b'Saeed Valadbaygi',2019-08-08 13:54:35,"b'Healthcare #Artificial #Intelligence Market to expand at a steady CAGR of 51.9% by 2023, Emerging Technology Trends, Global #AI Industry Analysis by Size, Growth, Regional Data, Share, Key Players |\xc2\xa0\xc2\xa0Medgadget Healthcare Artific... https://t.co/gYaiWa8ODL #ArtificialIntelligence'","b'Toronto, Ontario'",0,b'Twibble.io', Artificial Intelligence AI ArtificialIntelligence
HesamSajadian,b'Hesam Sajadian',2019-08-08 13:24:07,b'#Artificial #Intelligence can adapt to the learning patterns of each student\xe2\x80\x99\n#AI have emerged out of labs into our daily routine activities. Whether it is the buzz around #autonomic \n@andy_fitze @SwissCognitive \n\n https://t.co/6kP5R3BMJw',b'',0,b'Twitter for iPhone', Artificial Intelligence AI autonomic
TechnoJeder,b'TechnoJeder A.I.',2019-08-08 13:13:02,"b""RT @ARTBA: We're previewing some of the great sessions on tap for the @ARTBA National Convention Sept. 22-25 in Savannah! Come join us! htt\xe2\x80\xa6""",b'India',2,b'TechnoJeder',
